Room_ID,Year,Season,Month,Weekday,No. of Guests,Room_Type,Base_Price,Predicted Price
R01,2024,Winter,1,Thursday,3,Deluxe,6761,7437
R13,2025,Summer,8,Sunday,1,Standard,5187,5187
R07,2025,Winter,1,Sunday,5,Suite,7666,8432
R09,2023,Fall,11,Tuesday,5,Deluxe,6021,6623
R15,2023,Spring,4,Monday,4,Standard,7608,10651
R05,2025,Fall,11,Wednesday,5,Deluxe,6782,7460
R03,2025,Fall,9,Saturday,4,Standard,5556,7222
R05,2024,Fall,10,Tuesday,2,Suite,7700,7700
R02,2023,Spring,4,Thursday,4,Deluxe,7827,10957
R11,2023,Winter,12,Monday,1,Suite,5047,7065
R10,2023,Summer,8,Thursday,1,Suite,6589,6589
R01,2025,Summer,7,Wednesday,5,Deluxe,6766,7442
R08,2025,Summer,8,Tuesday,2,Suite,6907,6907
R11,2025,Spring,3,Wednesday,2,Deluxe,6706,6706
R03,2025,Summer,8,Wednesday,1,Standard,5099,5099
R15,2025,Fall,11,Friday,4,Standard,5968,7758
R09,2025,Spring,5,Monday,3,Deluxe,5802,7832
R08,2024,Summer,7,Tuesday,3,Suite,7023,7725
R09,2023,Fall,10,Friday,3,Standard,5459,7096
R02,2023,Fall,10,Wednesday,1,Deluxe,5278,5278
R08,2023,Spring,3,Monday,3,Deluxe,6044,6648
R10,2025,Summer,8,Tuesday,5,Suite,6065,6671
R11,2023,Fall,9,Thursday,3,Deluxe,5798,6377
R13,2023,Spring,5,Tuesday,4,Suite,7004,9455
R12,2024,Summer,6,Wednesday,5,Standard,6776,7453
R10,2024,Summer,8,Tuesday,5,Suite,7646,8410
R04,2023,Winter,1,Saturday,3,Deluxe,7084,9209
R14,2025,Summer,6,Saturday,5,Standard,7451,9686
R10,2025,Winter,1,Monday,3,Suite,6359,6994
R15,2023,Spring,4,Wednesday,5,Deluxe,6204,8685
R05,2024,Winter,1,Sunday,5,Suite,7071,7778
R15,2024,Summer,6,Wednesday,2,Suite,7155,7155
R08,2023,Spring,5,Thursday,1,Deluxe,5271,6588
R09,2024,Fall,9,Friday,5,Standard,6883,8947
R15,2024,Winter,1,Monday,5,Suite,7593,8352
R10,2023,Spring,5,Thursday,5,Suite,6440,8694
R04,2024,Winter,12,Saturday,2,Suite,5972,9555
R05,2023,Summer,8,Wednesday,1,Suite,7194,7194
R13,2024,Fall,9,Friday,4,Standard,6597,8576
R04,2023,Summer,6,Monday,5,Deluxe,5549,6103
R10,2024,Winter,1,Sunday,1,Deluxe,6244,6244
R04,2023,Summer,8,Wednesday,5,Deluxe,6737,7410
R12,2024,Winter,1,Monday,5,Suite,7555,8310
R06,2024,Fall,10,Monday,4,Deluxe,6612,7273
R07,2023,Winter,1,Saturday,4,Standard,7958,10345
R02,2024,Winter,12,Saturday,1,Standard,7113,11380
R01,2024,Summer,8,Sunday,2,Standard,5367,5367
R02,2024,Summer,8,Saturday,1,Suite,7313,8775
R05,2025,Summer,6,Tuesday,1,Suite,6189,6189
R15,2025,Winter,2,Sunday,1,Standard,6112,6112
R05,2024,Fall,11,Monday,2,Suite,6666,6666
R15,2023,Summer,6,Monday,1,Suite,6111,6111
R08,2024,Fall,9,Wednesday,3,Deluxe,5248,5772
R01,2024,Spring,3,Wednesday,3,Standard,5249,5773
R10,2025,Spring,3,Saturday,3,Standard,5714,7428
R03,2023,Summer,6,Monday,1,Standard,6333,6333
R04,2025,Summer,8,Monday,2,Suite,5519,5519
R14,2025,Winter,12,Saturday,1,Suite,7202,11523
R01,2025,Spring,5,Friday,3,Standard,5494,8515
R01,2025,Winter,2,Tuesday,1,Deluxe,6892,6892
R11,2024,Spring,3,Tuesday,4,Deluxe,6703,7373
R05,2023,Spring,5,Tuesday,2,Standard,6779,8473
R06,2023,Spring,5,Monday,4,Standard,5749,7761
R01,2025,Spring,5,Thursday,4,Deluxe,6009,8112
R02,2023,Summer,8,Thursday,2,Suite,7782,7782
R14,2023,Winter,1,Friday,1,Standard,5227,6272
R15,2024,Winter,12,Friday,3,Standard,5429,9229
R14,2023,Winter,12,Saturday,4,Standard,7283,12381
R13,2024,Winter,2,Tuesday,4,Deluxe,5256,5781
R02,2025,Spring,4,Thursday,1,Standard,7529,9787
R08,2025,Spring,3,Saturday,5,Standard,5437,7068
R10,2024,Spring,3,Friday,2,Suite,7925,9510
R04,2024,Winter,1,Thursday,5,Suite,5436,5979
R10,2025,Winter,12,Tuesday,3,Standard,5735,8602
R07,2025,Winter,12,Monday,4,Deluxe,7728,11592
R12,2023,Summer,6,Wednesday,4,Deluxe,5053,5558
R05,2024,Spring,3,Friday,4,Standard,5896,7664
R03,2024,Winter,1,Tuesday,5,Deluxe,7428,8170
R02,2024,Winter,2,Monday,2,Suite,7467,7467
R14,2023,Fall,11,Thursday,3,Deluxe,6760,7436
R01,2024,Summer,6,Saturday,3,Suite,6597,8576
R10,2024,Summer,8,Tuesday,3,Suite,7392,8131
R09,2025,Fall,9,Friday,2,Standard,5228,6273
R14,2025,Summer,6,Sunday,4,Suite,6831,7514
R04,2024,Winter,12,Wednesday,2,Standard,6698,9377
R01,2024,Winter,2,Friday,1,Deluxe,5085,6102
R14,2025,Fall,10,Saturday,5,Deluxe,6878,8941
R05,2023,Spring,3,Sunday,3,Standard,5676,6243
R09,2023,Winter,2,Sunday,2,Suite,6405,6405
R07,2023,Spring,3,Monday,1,Standard,5919,5919
R07,2024,Winter,2,Wednesday,4,Deluxe,7182,7900
R02,2025,Winter,12,Thursday,1,Standard,5609,7852
R08,2023,Winter,12,Friday,3,Deluxe,6204,10546
R12,2024,Summer,7,Friday,2,Suite,6661,7993
R14,2023,Spring,3,Sunday,1,Suite,6272,6272
R04,2024,Winter,1,Tuesday,3,Standard,6801,7481
R02,2025,Winter,1,Friday,4,Standard,6630,8619
R08,2023,Winter,1,Saturday,2,Suite,7426,8911
R06,2023,Summer,8,Sunday,1,Standard,7322,7322
R03,2025,Fall,10,Tuesday,2,Suite,7864,7864
R08,2025,Fall,11,Saturday,4,Deluxe,7451,9686
R05,2024,Spring,5,Saturday,4,Deluxe,7868,12195
R08,2023,Fall,11,Monday,3,Standard,6552,7207
R15,2025,Winter,12,Tuesday,4,Suite,5594,8391
R03,2024,Spring,4,Tuesday,1,Deluxe,5722,7438
R08,2023,Summer,7,Saturday,4,Suite,6865,8924
R01,2024,Fall,10,Thursday,4,Standard,7038,7741
R09,2023,Spring,3,Tuesday,5,Suite,6969,7665
R08,2024,Fall,11,Sunday,5,Deluxe,5757,6332
R15,2023,Summer,7,Sunday,5,Deluxe,5039,5542
R08,2023,Fall,11,Friday,4,Deluxe,6995,9093
R05,2025,Summer,7,Thursday,3,Standard,5784,6362
R13,2024,Spring,5,Monday,3,Standard,7213,9737
R14,2023,Fall,10,Tuesday,1,Deluxe,5843,5843
R14,2023,Fall,9,Wednesday,4,Suite,6870,7557
R09,2024,Spring,5,Sunday,3,Standard,7787,10512
R03,2025,Winter,12,Wednesday,4,Suite,7236,10854
R10,2025,Spring,5,Saturday,3,Suite,6110,9470
R08,2024,Spring,4,Wednesday,4,Deluxe,6510,9114
R02,2025,Spring,5,Tuesday,3,Standard,6474,8739
R02,2024,Spring,5,Thursday,5,Deluxe,7218,9744
R03,2024,Fall,11,Thursday,2,Deluxe,6404,6404
R03,2024,Summer,7,Monday,4,Deluxe,6611,7272
R15,2023,Spring,5,Wednesday,3,Standard,5880,7938
R02,2025,Fall,11,Friday,1,Deluxe,6147,7376
R08,2025,Winter,12,Thursday,3,Suite,7972,11958
R13,2025,Summer,7,Tuesday,3,Suite,5783,6361
R03,2025,Summer,7,Monday,1,Deluxe,5116,5116
R03,2024,Winter,2,Tuesday,4,Suite,7568,8324
R07,2024,Winter,2,Saturday,1,Suite,6205,7446
R14,2025,Summer,6,Sunday,2,Standard,5863,5863
R13,2023,Winter,1,Wednesday,5,Standard,6796,7475
R08,2025,Spring,3,Sunday,3,Suite,6073,6680
R13,2024,Summer,6,Sunday,5,Suite,5861,6447
R12,2024,Spring,3,Thursday,2,Deluxe,7510,7510
R02,2025,Fall,9,Thursday,1,Standard,5927,5927
R08,2025,Spring,5,Saturday,3,Suite,5127,7946
R01,2025,Winter,2,Tuesday,4,Standard,6478,7125
R02,2025,Summer,6,Saturday,4,Deluxe,6380,8294
R04,2024,Spring,4,Saturday,1,Suite,5762,8643
R05,2025,Spring,5,Friday,5,Deluxe,6580,10199
R11,2023,Summer,6,Friday,2,Suite,5094,6112
R09,2024,Spring,5,Thursday,4,Deluxe,5822,7859
R07,2023,Fall,11,Wednesday,5,Standard,6786,7464
R11,2025,Summer,8,Thursday,1,Deluxe,6350,6350
R09,2023,Summer,8,Saturday,5,Suite,7352,9557
R02,2024,Fall,10,Friday,1,Deluxe,5743,6891
R15,2023,Spring,3,Thursday,5,Deluxe,6347,6981
R05,2023,Summer,6,Monday,4,Standard,5714,6285
R03,2023,Fall,10,Thursday,2,Deluxe,6722,6722
R15,2023,Spring,3,Friday,1,Suite,5837,7004
R14,2023,Fall,9,Thursday,3,Standard,5841,6425
R13,2023,Spring,4,Sunday,1,Suite,6997,9096
R01,2024,Summer,7,Saturday,5,Deluxe,6889,8955
R11,2023,Summer,7,Saturday,2,Deluxe,6178,7413
R13,2025,Winter,1,Sunday,5,Suite,7768,8544
R15,2024,Summer,8,Tuesday,4,Standard,5917,6508
R15,2025,Fall,11,Wednesday,5,Standard,5083,5591
R03,2023,Winter,2,Monday,3,Deluxe,6881,7569
R02,2024,Fall,10,Monday,2,Suite,6068,6068
R07,2023,Fall,9,Thursday,1,Deluxe,7440,7440
R13,2024,Summer,7,Tuesday,4,Suite,7095,7804
R03,2025,Winter,1,Thursday,4,Standard,7361,8097
R04,2024,Winter,12,Monday,1,Deluxe,6580,9212
R14,2024,Spring,5,Wednesday,2,Deluxe,7100,8875
R11,2024,Winter,12,Wednesday,3,Standard,5236,7854
R04,2025,Summer,7,Friday,4,Standard,5535,7195
R12,2024,Fall,11,Thursday,3,Standard,6164,6780
R08,2023,Fall,11,Friday,2,Standard,5475,6570
R13,2025,Spring,4,Friday,3,Standard,7757,12411
R12,2025,Fall,10,Sunday,3,Standard,5250,5775
R05,2023,Winter,2,Thursday,5,Deluxe,5550,6105
R07,2024,Summer,7,Thursday,2,Deluxe,6268,6268
R11,2023,Spring,5,Saturday,5,Deluxe,6959,10786
R05,2024,Summer,7,Friday,1,Standard,6721,8065
R15,2023,Summer,7,Wednesday,1,Deluxe,6094,6094
R04,2023,Fall,10,Saturday,2,Standard,5041,6049
R02,2023,Summer,7,Friday,5,Standard,7756,10082
R09,2025,Fall,10,Thursday,3,Standard,6411,7052
R15,2023,Spring,4,Saturday,2,Standard,5531,8296
R03,2023,Fall,9,Monday,2,Standard,5292,5292
R02,2023,Winter,1,Monday,5,Suite,7992,8791
R01,2024,Spring,5,Tuesday,4,Standard,7398,9987
R04,2025,Winter,12,Friday,4,Standard,7012,11920
R08,2025,Summer,7,Thursday,5,Deluxe,5733,6306
R08,2025,Spring,4,Wednesday,3,Suite,8000,11200
R11,2025,Winter,1,Wednesday,4,Standard,7618,8379
R12,2025,Summer,8,Friday,1,Suite,7386,8863
R13,2023,Fall,9,Monday,4,Suite,7696,8465
R07,2025,Fall,10,Monday,5,Suite,6741,7415
R14,2023,Winter,2,Monday,1,Standard,7757,7757
R15,2024,Spring,3,Tuesday,2,Deluxe,6789,6789
R09,2023,Fall,10,Tuesday,4,Deluxe,6672,7339
R07,2023,Fall,11,Tuesday,4,Suite,5981,6579
R13,2023,Spring,3,Monday,1,Standard,6654,6654
R08,2023,Fall,11,Tuesday,5,Deluxe,6010,6611
R10,2023,Fall,9,Saturday,4,Standard,5721,7437
R15,2023,Winter,12,Monday,1,Suite,6199,8678
R06,2025,Winter,12,Saturday,4,Standard,7892,13416
R05,2025,Winter,2,Monday,2,Deluxe,6046,6046
R11,2024,Fall,9,Friday,2,Deluxe,7398,8877
R07,2025,Spring,5,Sunday,3,Standard,7685,10374
R06,2025,Fall,11,Sunday,1,Deluxe,5407,5407
R01,2024,Spring,3,Thursday,2,Standard,5406,5406
R12,2024,Winter,2,Wednesday,4,Suite,5080,5588
R02,2025,Winter,2,Monday,3,Deluxe,6336,6969
R05,2024,Spring,3,Wednesday,2,Suite,5182,5182
R06,2023,Summer,7,Tuesday,5,Standard,5527,6079
R05,2025,Winter,1,Saturday,2,Suite,6941,8329
R13,2024,Winter,12,Sunday,5,Deluxe,6714,10071
R12,2025,Spring,3,Monday,5,Suite,6234,6857
R08,2024,Summer,7,Wednesday,3,Standard,7875,8662
R02,2025,Fall,11,Saturday,2,Standard,5828,6993
R15,2025,Summer,6,Saturday,1,Deluxe,6129,7354
R12,2025,Summer,7,Saturday,5,Suite,5767,7497
R07,2025,Spring,5,Wednesday,2,Standard,6433,8041
R04,2024,Summer,8,Friday,5,Deluxe,5866,7625
R09,2023,Fall,9,Thursday,5,Standard,6990,7689
R15,2024,Summer,7,Tuesday,2,Deluxe,6095,6095
R12,2025,Summer,8,Tuesday,3,Suite,5372,5909
R09,2025,Fall,10,Sunday,2,Suite,7206,7206
R15,2023,Spring,3,Thursday,3,Standard,7306,8036
R04,2023,Summer,6,Tuesday,5,Deluxe,6999,7698
R12,2023,Winter,1,Wednesday,2,Standard,5529,5529
R07,2025,Spring,4,Tuesday,2,Suite,7275,9457
R09,2023,Fall,11,Tuesday,2,Suite,5478,5478
R01,2023,Fall,9,Saturday,5,Deluxe,7051,9166
R03,2024,Spring,3,Thursday,4,Suite,5672,6239
R04,2023,Summer,8,Thursday,1,Standard,7866,7866
R06,2023,Spring,5,Monday,2,Standard,7794,9742
R09,2023,Spring,5,Monday,1,Suite,5994,7492
R13,2023,Summer,7,Tuesday,5,Standard,7727,8499
R10,2023,Summer,8,Monday,2,Deluxe,6645,6645
R15,2024,Winter,1,Friday,3,Suite,7841,10193
R01,2024,Winter,1,Thursday,5,Deluxe,7447,8191
R07,2023,Summer,7,Tuesday,4,Standard,6430,7073
R04,2025,Winter,1,Tuesday,4,Deluxe,5362,5898
R12,2024,Winter,2,Wednesday,4,Standard,6595,7254
R03,2023,Winter,2,Monday,1,Standard,6346,6346
R06,2024,Summer,7,Thursday,2,Standard,6601,6601
R14,2023,Spring,5,Thursday,4,Standard,6827,9216
R12,2023,Fall,10,Sunday,2,Suite,6534,6534
R07,2025,Spring,3,Monday,3,Standard,7996,8795
R12,2024,Summer,7,Tuesday,5,Deluxe,6732,7405
R05,2024,Spring,4,Saturday,4,Standard,6629,10606
R07,2025,Winter,12,Saturday,2,Standard,6826,10921
R12,2023,Spring,4,Tuesday,3,Standard,5972,8360
R15,2025,Summer,8,Thursday,2,Suite,5748,5748
R08,2023,Spring,5,Tuesday,2,Suite,5956,7445
R13,2024,Winter,12,Thursday,4,Standard,7391,11086
R11,2023,Summer,6,Wednesday,4,Deluxe,5491,6040
R12,2024,Fall,10,Sunday,1,Suite,7053,7053
R04,2024,Spring,5,Sunday,5,Suite,5086,6866
R07,2023,Spring,4,Monday,4,Deluxe,7812,10936
R11,2024,Fall,9,Monday,4,Suite,7325,8057
R14,2025,Winter,1,Saturday,4,Suite,5264,6843
R14,2024,Fall,9,Thursday,3,Suite,5211,5732
R10,2023,Winter,1,Monday,2,Standard,7575,7575
R08,2025,Fall,10,Saturday,3,Standard,7135,9275
R02,2025,Fall,11,Saturday,1,Suite,7311,8773
R08,2023,Fall,11,Monday,3,Suite,6067,6673
R13,2023,Winter,1,Friday,1,Suite,5642,6770
R01,2024,Fall,9,Saturday,4,Standard,7659,9956
R10,2023,Spring,5,Thursday,1,Deluxe,7638,9547
R08,2023,Spring,5,Saturday,3,Standard,6904,10701
R13,2023,Winter,2,Wednesday,1,Deluxe,7569,7569
R13,2025,Summer,8,Thursday,1,Deluxe,6407,6407
R11,2025,Summer,6,Monday,2,Standard,6979,6979
R01,2025,Summer,6,Tuesday,4,Deluxe,6542,7196
R07,2023,Spring,4,Monday,1,Suite,5431,7060
R08,2023,Fall,9,Monday,4,Standard,6677,7344
R02,2025,Spring,3,Friday,2,Standard,6619,7942
R05,2023,Winter,1,Thursday,2,Deluxe,5013,5013
R02,2023,Fall,11,Saturday,1,Standard,5008,6009
R02,2024,Winter,12,Wednesday,2,Standard,6600,9240
R06,2023,Winter,1,Wednesday,4,Standard,7345,8079
R14,2024,Spring,3,Friday,3,Standard,6799,8838
R12,2024,Winter,2,Wednesday,4,Suite,6742,7416
R05,2023,Fall,9,Wednesday,4,Suite,6990,7689
R03,2025,Fall,9,Thursday,1,Deluxe,5562,5562
R11,2024,Spring,4,Saturday,2,Suite,6879,10318
R14,2024,Summer,6,Saturday,3,Standard,7934,10314
R07,2023,Fall,10,Tuesday,4,Standard,5146,5660
R03,2023,Winter,2,Saturday,5,Suite,5345,6948
R05,2025,Winter,1,Saturday,2,Standard,7995,9594
R10,2024,Fall,9,Wednesday,1,Standard,5834,5834
R04,2025,Spring,5,Thursday,3,Suite,7788,10513
R02,2025,Winter,1,Saturday,1,Standard,6676,8011
R14,2023,Summer,6,Friday,4,Standard,7136,9276
R07,2023,Winter,2,Tuesday,1,Standard,6730,6730
R04,2024,Spring,3,Tuesday,4,Deluxe,7096,7805
R07,2023,Winter,12,Saturday,2,Deluxe,7941,12705
R11,2024,Summer,7,Monday,3,Standard,6143,6757
R14,2023,Summer,8,Thursday,1,Deluxe,5746,5746
R12,2024,Winter,12,Thursday,2,Standard,6154,8615
R06,2024,Summer,8,Wednesday,1,Standard,6067,6067
R12,2024,Spring,4,Tuesday,1,Deluxe,6920,8996
R01,2025,Summer,7,Sunday,5,Standard,5553,6108
R15,2023,Fall,9,Saturday,1,Deluxe,5245,6294
R07,2023,Summer,6,Tuesday,1,Standard,7084,7084
R06,2025,Winter,1,Saturday,1,Suite,7160,8592
R07,2024,Spring,3,Wednesday,1,Suite,7919,7919
R01,2023,Winter,12,Monday,5,Deluxe,7241,10861
R15,2025,Summer,8,Monday,4,Standard,5315,5846
R10,2025,Spring,3,Thursday,3,Suite,5942,6536
R12,2023,Winter,12,Tuesday,3,Suite,5193,7789
R13,2024,Summer,8,Thursday,3,Suite,7998,8797
R13,2025,Summer,8,Monday,2,Standard,6320,6320
R04,2025,Summer,6,Saturday,2,Suite,7168,8601
R12,2025,Winter,1,Wednesday,1,Deluxe,6969,6969
R12,2024,Fall,11,Tuesday,2,Deluxe,7712,7712
R13,2025,Summer,7,Sunday,3,Suite,6796,7475
R05,2023,Winter,12,Thursday,1,Suite,7407,10369
R10,2024,Summer,7,Tuesday,2,Suite,5989,5989
R04,2025,Winter,1,Thursday,4,Suite,5964,6560
R15,2024,Spring,3,Monday,1,Deluxe,6231,6231
R02,2024,Summer,8,Sunday,4,Deluxe,5014,5515
R07,2024,Summer,8,Thursday,3,Deluxe,7811,8592
R13,2023,Summer,6,Friday,5,Deluxe,5632,7321
R04,2024,Fall,11,Friday,5,Standard,6606,8587
R14,2024,Summer,8,Thursday,2,Deluxe,7401,7401
R03,2025,Fall,11,Friday,5,Deluxe,7801,10141
R03,2023,Fall,9,Tuesday,2,Suite,5501,5501
R15,2025,Fall,9,Tuesday,3,Standard,5086,5594
R09,2023,Spring,5,Tuesday,2,Suite,6396,7995
R03,2023,Fall,11,Tuesday,5,Suite,5137,5650
R01,2025,Spring,4,Sunday,4,Suite,6353,8894
R02,2023,Summer,6,Wednesday,3,Suite,6872,7559
R12,2023,Spring,5,Thursday,2,Suite,5870,7337
R03,2025,Fall,11,Saturday,2,Deluxe,6643,7971
R15,2025,Spring,4,Monday,4,Suite,6351,8891
R03,2024,Spring,5,Sunday,2,Suite,6372,7965
R14,2025,Summer,8,Saturday,1,Standard,7318,8781
R03,2023,Spring,4,Thursday,1,Deluxe,6578,8551
R02,2025,Fall,9,Sunday,4,Deluxe,6568,7224
R12,2024,Winter,12,Monday,1,Standard,6310,8834
R12,2023,Spring,4,Thursday,3,Deluxe,5671,7939
R05,2024,Fall,10,Friday,5,Standard,6582,8556
R12,2025,Spring,3,Thursday,5,Standard,6295,6924
R06,2025,Summer,7,Tuesday,2,Deluxe,6905,6905
R01,2024,Spring,3,Tuesday,2,Standard,5696,5696
R10,2024,Winter,1,Monday,5,Suite,5229,5751
R03,2023,Spring,5,Monday,2,Deluxe,6729,8411
R03,2025,Spring,4,Sunday,3,Standard,6910,9674
R02,2023,Spring,3,Sunday,5,Deluxe,5501,6051
R10,2024,Winter,2,Sunday,2,Standard,7299,7299
R15,2024,Fall,9,Saturday,3,Suite,5907,7679
R10,2025,Winter,12,Monday,1,Deluxe,7336,10270
R12,2024,Fall,9,Sunday,4,Suite,7005,7705
R04,2023,Spring,5,Friday,5,Deluxe,5670,8788
R07,2025,Winter,2,Monday,2,Standard,6403,6403
R08,2025,Summer,7,Monday,3,Suite,7793,8572
R01,2025,Fall,9,Tuesday,3,Deluxe,5879,6466
R05,2024,Winter,2,Tuesday,1,Standard,6558,6558
R13,2025,Winter,12,Wednesday,2,Deluxe,7030,9842
R11,2025,Winter,1,Tuesday,5,Suite,5674,6241
R06,2024,Fall,9,Saturday,4,Suite,6022,7828
R02,2024,Spring,5,Sunday,2,Standard,6755,8443
R05,2023,Spring,5,Friday,1,Suite,5510,7989
R01,2024,Winter,2,Thursday,3,Deluxe,7767,8543
R08,2024,Winter,2,Saturday,5,Deluxe,6236,8106
R14,2025,Fall,11,Tuesday,1,Suite,7012,7012
R04,2024,Summer,6,Saturday,4,Suite,6094,7922
R13,2023,Fall,10,Wednesday,4,Suite,7928,8720
R05,2025,Summer,7,Monday,2,Deluxe,5557,5557
R14,2025,Summer,8,Monday,4,Suite,5041,5545
R05,2023,Spring,3,Sunday,1,Deluxe,5205,5205
R12,2023,Winter,1,Friday,4,Standard,5628,7316
R09,2023,Spring,4,Monday,4,Deluxe,5720,8008
R07,2023,Summer,7,Monday,2,Deluxe,7233,7233
R13,2025,Fall,10,Monday,1,Deluxe,7474,7474
R08,2024,Winter,2,Tuesday,3,Deluxe,5069,5575
R04,2025,Fall,11,Monday,3,Standard,5954,6549
R13,2025,Summer,7,Sunday,1,Suite,6882,6882
R05,2025,Spring,5,Sunday,3,Deluxe,7409,10002
R12,2025,Spring,3,Sunday,1,Standard,5177,5177
R01,2023,Fall,10,Sunday,2,Deluxe,5025,5025
R15,2023,Fall,9,Tuesday,4,Suite,7405,8145
R06,2023,Summer,8,Wednesday,1,Deluxe,7209,7209
R03,2023,Winter,2,Sunday,1,Suite,7002,7002
R15,2024,Winter,12,Wednesday,4,Standard,5738,8607
R14,2023,Summer,6,Tuesday,4,Standard,5839,6422
R03,2023,Summer,6,Monday,5,Suite,6197,6816
R13,2024,Summer,6,Thursday,1,Deluxe,5741,5741
R09,2025,Summer,6,Friday,1,Standard,5511,6613
R05,2025,Winter,12,Saturday,4,Standard,6351,10796
R12,2025,Fall,10,Tuesday,5,Standard,6246,6870
R02,2024,Summer,7,Saturday,1,Deluxe,7241,8689
R09,2024,Winter,12,Wednesday,5,Deluxe,6337,9505
R11,2023,Spring,5,Sunday,5,Standard,7195,9713
R03,2023,Summer,8,Tuesday,4,Standard,6908,7598
R04,2025,Winter,2,Wednesday,3,Standard,7985,8783
R14,2024,Fall,9,Sunday,5,Standard,6390,7029
R05,2025,Summer,7,Wednesday,2,Deluxe,7550,7550
R13,2025,Spring,3,Friday,2,Suite,7042,8450
R13,2025,Winter,1,Saturday,4,Deluxe,6441,8373
R14,2023,Winter,12,Wednesday,1,Suite,7956,11138
R13,2023,Winter,1,Monday,5,Standard,7115,7826
R15,2025,Winter,1,Monday,5,Standard,5646,6210
R13,2023,Summer,7,Sunday,4,Suite,7780,8558
R13,2024,Winter,1,Sunday,3,Deluxe,6487,7135
R03,2025,Fall,9,Sunday,2,Suite,6118,6118
R02,2025,Fall,11,Saturday,2,Suite,7440,8928
R12,2024,Winter,12,Monday,4,Deluxe,5090,7635
R02,2023,Winter,2,Thursday,4,Suite,7452,8197
R08,2025,Winter,1,Monday,1,Standard,5985,5985
R07,2025,Spring,3,Tuesday,5,Deluxe,6421,7063
R05,2023,Spring,4,Wednesday,3,Standard,6631,9283
R15,2025,Spring,5,Tuesday,3,Standard,6910,9328
R13,2024,Fall,11,Thursday,3,Deluxe,5940,6534
R13,2023,Summer,8,Monday,1,Deluxe,7512,7512
R04,2023,Spring,4,Sunday,5,Deluxe,5774,8083
R08,2024,Fall,9,Thursday,1,Standard,7911,7911
R07,2025,Winter,2,Thursday,3,Suite,5966,6562
R02,2024,Summer,6,Monday,5,Deluxe,5384,5922
R08,2025,Spring,5,Thursday,2,Suite,7280,9100
R05,2023,Spring,3,Thursday,2,Suite,7821,7821
R15,2025,Spring,5,Sunday,4,Suite,6923,9346
R03,2024,Fall,9,Monday,5,Deluxe,7622,8384
R04,2024,Spring,4,Friday,1,Suite,7769,11653
R09,2024,Winter,12,Tuesday,5,Suite,7471,11206
R02,2023,Fall,10,Monday,5,Suite,5213,5734
R07,2024,Spring,4,Thursday,1,Deluxe,6696,8704
R06,2025,Spring,3,Tuesday,4,Standard,6551,7206
R01,2024,Winter,12,Tuesday,2,Deluxe,7658,10721
R13,2025,Spring,5,Saturday,3,Suite,6755,10470
R04,2025,Fall,10,Thursday,5,Deluxe,5963,6559
R12,2024,Winter,2,Sunday,2,Standard,7388,7388
R02,2023,Winter,2,Sunday,4,Deluxe,6575,7232
R13,2023,Summer,6,Sunday,1,Standard,5065,5065
R14,2025,Spring,4,Sunday,2,Standard,7639,9930
R01,2025,Fall,10,Sunday,2,Suite,6368,6368
R14,2025,Summer,6,Tuesday,3,Deluxe,5085,5593
R07,2023,Fall,10,Sunday,4,Standard,6515,7166
R04,2024,Fall,11,Monday,1,Deluxe,6556,6556
R09,2023,Fall,9,Tuesday,1,Suite,7550,7550
R09,2025,Spring,5,Friday,1,Standard,7600,11020
R10,2023,Winter,1,Friday,2,Standard,6826,8191
R02,2024,Summer,6,Wednesday,4,Suite,6814,7495
R03,2025,Spring,3,Friday,2,Deluxe,5375,6450
R09,2025,Winter,2,Saturday,1,Suite,7392,8870
R14,2023,Summer,8,Tuesday,4,Deluxe,7587,8345
R02,2023,Summer,6,Sunday,5,Standard,7728,8500
R12,2023,Summer,7,Tuesday,2,Standard,6294,6294
R13,2025,Fall,9,Monday,5,Deluxe,6345,6979
R07,2023,Fall,9,Monday,1,Suite,7787,7787
R06,2025,Fall,9,Saturday,4,Deluxe,6316,8210
R07,2025,Fall,9,Friday,2,Suite,7451,8941
R12,2025,Winter,12,Thursday,5,Suite,6491,9736
R02,2024,Summer,8,Monday,5,Suite,7627,8389
R08,2023,Fall,10,Thursday,1,Standard,6582,6582
R09,2024,Fall,10,Wednesday,2,Deluxe,6538,6538
R08,2023,Winter,12,Wednesday,1,Deluxe,7574,10603
R14,2023,Summer,8,Thursday,3,Standard,5185,5703
R02,2024,Summer,6,Thursday,5,Standard,7887,8675
R10,2024,Fall,11,Tuesday,3,Standard,6271,6898
R11,2024,Summer,7,Thursday,3,Deluxe,7560,8316
R03,2025,Winter,1,Saturday,3,Deluxe,7405,9626
R15,2023,Summer,6,Wednesday,1,Deluxe,7805,7805
R07,2025,Fall,10,Sunday,1,Suite,7363,7363
R09,2024,Spring,5,Sunday,1,Suite,5493,6866
R06,2023,Winter,2,Wednesday,4,Suite,5725,6297
R03,2024,Winter,2,Tuesday,4,Suite,6141,6755
R10,2024,Spring,5,Friday,1,Deluxe,5180,7511
R09,2023,Fall,10,Sunday,5,Standard,6960,7656
R06,2023,Winter,2,Thursday,5,Suite,6116,6727
R13,2025,Winter,1,Thursday,3,Suite,7904,8694
R11,2024,Summer,6,Thursday,4,Standard,7314,8045
R07,2025,Fall,9,Friday,2,Deluxe,6868,8241
R02,2024,Fall,10,Sunday,5,Deluxe,7812,8593
R15,2024,Summer,6,Thursday,5,Deluxe,7960,8756
R09,2024,Fall,11,Monday,3,Suite,5999,6598
R11,2025,Winter,1,Wednesday,5,Standard,6169,6785
R15,2025,Fall,9,Saturday,1,Deluxe,5396,6475
R01,2023,Fall,11,Thursday,1,Suite,7486,7486
R02,2024,Spring,3,Wednesday,1,Suite,5337,5337
R06,2024,Spring,3,Thursday,5,Deluxe,6171,6788
R14,2024,Summer,6,Saturday,3,Standard,7592,9869
R05,2023,Winter,12,Wednesday,2,Standard,7317,10243
R03,2025,Fall,9,Thursday,4,Standard,6715,7386
R02,2025,Fall,9,Thursday,1,Suite,6942,6942
R01,2024,Spring,5,Sunday,3,Standard,6224,8402
R06,2024,Spring,5,Monday,2,Standard,6750,8437
R08,2024,Fall,9,Wednesday,5,Deluxe,7667,8433
R13,2023,Summer,6,Tuesday,3,Deluxe,6412,7053
R07,2025,Summer,7,Wednesday,4,Deluxe,5241,5765
R01,2024,Winter,1,Tuesday,5,Suite,7537,8290
R03,2024,Fall,11,Saturday,1,Suite,5113,6135
R14,2023,Spring,5,Wednesday,5,Deluxe,7327,9891
R08,2025,Fall,9,Sunday,1,Standard,7988,7988
R01,2024,Fall,11,Tuesday,3,Suite,7457,8202
R06,2023,Summer,6,Monday,2,Standard,6226,6226
R11,2025,Winter,1,Monday,2,Suite,7944,7944
R12,2025,Summer,6,Sunday,4,Deluxe,6535,7188
R13,2025,Winter,12,Saturday,3,Standard,5988,10179
R15,2025,Spring,4,Tuesday,2,Deluxe,7350,9555
R03,2025,Spring,5,Friday,1,Suite,6401,9281
R12,2023,Spring,4,Tuesday,4,Standard,5507,7709
R03,2024,Fall,11,Friday,4,Standard,5531,7190
R01,2025,Spring,5,Friday,3,Standard,7001,10851
R07,2023,Spring,4,Saturday,4,Suite,6067,9707
R11,2024,Summer,7,Tuesday,4,Deluxe,5118,5629
R12,2024,Fall,11,Tuesday,5,Suite,7194,7913
R07,2023,Fall,11,Sunday,2,Standard,7019,7019
R14,2024,Winter,1,Thursday,1,Deluxe,7052,7052
R13,2024,Spring,4,Tuesday,1,Standard,7561,9829
R15,2025,Spring,5,Sunday,5,Standard,6903,9319
R11,2024,Summer,8,Thursday,5,Deluxe,6559,7214
R01,2025,Summer,8,Wednesday,5,Standard,7317,8048
R07,2025,Spring,4,Wednesday,4,Suite,6728,9419
R15,2023,Fall,10,Tuesday,1,Suite,6925,6925
R12,2025,Fall,10,Friday,1,Standard,5493,6591
R05,2023,Fall,10,Thursday,1,Standard,6555,6555
R01,2023,Summer,8,Sunday,1,Deluxe,7882,7882
R07,2023,Winter,2,Friday,1,Deluxe,7628,9153
R11,2024,Summer,7,Thursday,5,Suite,6245,6869
R10,2025,Summer,6,Friday,4,Suite,7238,9409
R14,2023,Summer,8,Sunday,2,Deluxe,7809,7809
R14,2025,Fall,11,Tuesday,1,Standard,7245,7245
R02,2024,Fall,11,Tuesday,3,Deluxe,7209,7929
R04,2023,Spring,4,Thursday,4,Suite,7043,9860
R11,2025,Summer,7,Friday,5,Deluxe,5107,6639
R02,2023,Winter,1,Saturday,5,Standard,6259,8136
R03,2025,Spring,3,Saturday,3,Standard,6097,7926
R15,2024,Winter,12,Tuesday,3,Deluxe,7464,11196
R11,2023,Winter,1,Friday,4,Standard,5794,7532
R04,2024,Spring,3,Wednesday,2,Standard,6459,6459
R08,2023,Summer,8,Wednesday,3,Suite,7850,8635
R04,2023,Winter,12,Tuesday,4,Deluxe,7837,11755
R02,2023,Fall,11,Monday,5,Suite,7187,7905
R14,2023,Winter,2,Monday,2,Standard,6803,6803
R13,2024,Winter,1,Sunday,5,Standard,5446,5990
R14,2024,Spring,4,Monday,1,Standard,7175,9327
R14,2024,Summer,8,Saturday,3,Suite,7259,9436
R05,2025,Winter,2,Saturday,3,Deluxe,7560,9828
R07,2025,Summer,7,Wednesday,2,Deluxe,7996,7996
R10,2023,Summer,6,Sunday,4,Suite,6592,7251
R12,2023,Fall,10,Tuesday,1,Deluxe,7150,7150
R01,2024,Winter,12,Monday,4,Suite,6898,10347
R13,2024,Winter,2,Monday,4,Standard,7086,7794
R06,2024,Fall,10,Sunday,2,Standard,6516,6516
R14,2025,Fall,9,Tuesday,2,Deluxe,6081,6081
R15,2025,Spring,4,Wednesday,5,Deluxe,6370,8918
R08,2024,Winter,1,Wednesday,4,Standard,6959,7654
R15,2025,Winter,1,Monday,1,Standard,5925,5925
R09,2024,Summer,7,Tuesday,4,Standard,5165,5681
R03,2025,Spring,3,Tuesday,1,Suite,6734,6734
R09,2025,Fall,9,Tuesday,2,Suite,5310,5310
R15,2024,Summer,8,Sunday,5,Deluxe,6494,7143
R03,2024,Winter,2,Saturday,2,Standard,6812,8174
R04,2024,Summer,8,Friday,4,Suite,6017,7822
R08,2025,Spring,3,Wednesday,2,Deluxe,5515,5515
R05,2023,Spring,5,Monday,1,Deluxe,6438,8047
R10,2024,Fall,10,Wednesday,3,Suite,6565,7221
R07,2025,Spring,3,Friday,4,Suite,6982,9076
R11,2024,Spring,3,Sunday,5,Standard,5255,5780
R13,2024,Summer,7,Monday,4,Deluxe,5049,5553
R11,2025,Fall,10,Monday,4,Deluxe,5787,6365
R13,2025,Summer,6,Sunday,1,Standard,5879,5879
R12,2023,Spring,5,Friday,3,Standard,7232,11209
R05,2024,Fall,9,Monday,3,Standard,7635,8398
R03,2024,Winter,12,Wednesday,1,Deluxe,6872,9620
R14,2023,Spring,3,Wednesday,2,Standard,5820,5820
R07,2025,Spring,3,Friday,4,Suite,6767,8797
R08,2025,Fall,10,Monday,1,Deluxe,7888,7888
R05,2025,Winter,1,Sunday,1,Suite,5693,5693
R10,2024,Fall,11,Sunday,4,Deluxe,7185,7903
R03,2025,Summer,7,Saturday,3,Standard,6051,7866
R09,2023,Fall,11,Sunday,5,Deluxe,5573,6130
R08,2023,Spring,4,Friday,1,Suite,7503,11254
R12,2023,Summer,7,Monday,1,Standard,6230,6230
R04,2024,Winter,12,Thursday,3,Deluxe,6754,10131
R09,2023,Winter,12,Tuesday,2,Standard,7424,10393
R14,2023,Spring,4,Friday,5,Standard,7711,12337
R11,2024,Winter,2,Sunday,2,Suite,7954,7954
R06,2023,Winter,1,Wednesday,1,Standard,7733,7733
R11,2023,Summer,7,Thursday,1,Suite,5603,5603
R06,2024,Spring,5,Thursday,2,Deluxe,7136,8920
R01,2025,Summer,8,Wednesday,2,Standard,6602,6602
R09,2023,Spring,5,Tuesday,3,Suite,7282,9830
R06,2024,Fall,10,Sunday,2,Deluxe,5013,5013
R01,2025,Fall,10,Sunday,5,Deluxe,7891,8680
R08,2023,Winter,1,Thursday,4,Standard,5971,6568
R12,2023,Summer,8,Friday,1,Standard,7381,8857
R15,2023,Winter,1,Thursday,4,Standard,5711,6282
R05,2023,Winter,1,Saturday,3,Suite,6032,7841
R15,2025,Spring,4,Wednesday,4,Standard,6864,9609
R12,2023,Summer,7,Thursday,2,Suite,6949,6949
R09,2024,Summer,6,Monday,4,Standard,6034,6637
R15,2025,Fall,10,Tuesday,2,Deluxe,6314,6314
R02,2024,Summer,6,Monday,4,Standard,7357,8092
R06,2025,Spring,3,Wednesday,3,Deluxe,5897,6486
R02,2025,Winter,2,Friday,1,Suite,7306,8767
R02,2025,Summer,7,Monday,1,Suite,5958,5958
R05,2025,Fall,10,Saturday,3,Suite,5734,7454
R15,2025,Summer,8,Thursday,4,Standard,5618,6179
R07,2024,Spring,4,Monday,1,Suite,5370,6981
R02,2025,Winter,1,Tuesday,4,Standard,5330,5863
R04,2023,Fall,9,Saturday,3,Standard,5004,6505
R01,2025,Fall,9,Saturday,3,Suite,6216,8080
R05,2025,Fall,11,Thursday,5,Standard,5967,6563
R01,2025,Spring,3,Sunday,1,Suite,6800,6800
R04,2024,Fall,9,Monday,5,Deluxe,5335,5868
R03,2023,Spring,4,Friday,5,Standard,7514,12022
R03,2024,Summer,8,Thursday,4,Deluxe,7670,8437
R09,2024,Spring,4,Sunday,5,Standard,7514,10519
R08,2025,Summer,7,Friday,3,Suite,7208,9370
R02,2025,Spring,3,Wednesday,3,Suite,6029,6631
R06,2023,Summer,8,Saturday,2,Deluxe,5159,6190
R01,2023,Spring,4,Sunday,2,Deluxe,5954,7740
R02,2025,Spring,4,Thursday,4,Deluxe,5901,8261
R14,2023,Summer,6,Monday,4,Suite,6149,6763
R02,2025,Winter,2,Monday,3,Deluxe,6739,7412
R10,2025,Summer,6,Tuesday,3,Standard,5076,5583
R13,2025,Fall,10,Wednesday,4,Deluxe,7943,8737
R11,2024,Winter,2,Saturday,4,Deluxe,6547,8511
R12,2023,Spring,3,Wednesday,5,Standard,7410,8151
R15,2025,Winter,2,Saturday,4,Standard,7348,9552
R02,2025,Spring,5,Monday,3,Deluxe,6346,8567
R07,2023,Winter,12,Sunday,1,Suite,7439,10414
R15,2023,Summer,7,Tuesday,1,Deluxe,5465,5465
R03,2025,Fall,10,Saturday,1,Standard,7267,8720
R11,2023,Winter,1,Thursday,4,Standard,7675,8442
R13,2023,Summer,8,Tuesday,3,Suite,5876,6463
R14,2024,Winter,12,Wednesday,5,Deluxe,6063,9094
R03,2025,Winter,1,Friday,4,Standard,5485,7130
R02,2025,Fall,10,Saturday,3,Suite,6348,8252
R14,2023,Summer,8,Thursday,3,Deluxe,5814,6395
R01,2024,Spring,3,Wednesday,2,Deluxe,5929,5929
R07,2025,Summer,7,Thursday,5,Standard,5489,6037
R13,2023,Fall,9,Wednesday,3,Suite,6338,6971
R13,2024,Summer,6,Tuesday,2,Suite,6619,6619
R13,2023,Winter,2,Wednesday,4,Standard,7514,8265
R14,2023,Spring,5,Thursday,2,Suite,7383,9228
R05,2024,Fall,10,Thursday,5,Standard,7560,8316
R14,2025,Fall,9,Wednesday,4,Standard,6972,7669
R05,2024,Spring,3,Saturday,2,Deluxe,7279,8734
R05,2023,Spring,3,Saturday,2,Standard,5025,6030
R06,2024,Winter,2,Saturday,3,Standard,5667,7367
R03,2025,Winter,1,Sunday,2,Deluxe,7586,7586
R05,2025,Fall,9,Wednesday,2,Suite,5632,5632
R08,2023,Spring,3,Monday,4,Deluxe,5437,5980
R06,2025,Summer,6,Sunday,2,Deluxe,6779,6779
R06,2023,Fall,11,Thursday,2,Standard,6053,6053
R01,2023,Spring,4,Tuesday,2,Suite,6093,7920
R02,2023,Fall,10,Saturday,5,Deluxe,7387,9603
R06,2025,Summer,6,Saturday,2,Deluxe,5296,6355
R07,2023,Winter,12,Wednesday,4,Suite,5971,8956
R13,2024,Fall,11,Sunday,1,Standard,6600,6600
R02,2023,Fall,10,Thursday,3,Suite,6040,6644
R13,2023,Fall,11,Friday,2,Suite,5015,6018
R10,2023,Spring,4,Wednesday,3,Suite,6785,9499
R05,2024,Summer,7,Tuesday,4,Deluxe,7460,8206
R05,2023,Winter,12,Monday,2,Standard,7506,10508
R15,2024,Winter,2,Saturday,4,Suite,5897,7666
R05,2024,Spring,4,Sunday,4,Suite,7173,10042
R15,2023,Summer,8,Sunday,4,Suite,7575,8332
R13,2024,Fall,11,Wednesday,4,Standard,6272,6899
R10,2024,Winter,2,Thursday,3,Suite,6144,6758
R11,2025,Spring,4,Monday,1,Deluxe,5024,6531
R10,2024,Spring,4,Sunday,2,Standard,6673,8674
R13,2024,Fall,10,Monday,5,Suite,6673,7340
R07,2024,Spring,5,Tuesday,1,Deluxe,5899,7373
R09,2025,Summer,6,Wednesday,2,Standard,6923,6923
R04,2024,Spring,3,Wednesday,2,Suite,7178,7178
R12,2024,Summer,8,Wednesday,3,Suite,6030,6633
R15,2025,Summer,8,Sunday,2,Deluxe,5466,5466
R04,2023,Fall,10,Sunday,2,Suite,6183,6183
R08,2025,Summer,7,Saturday,4,Standard,6607,8589
R05,2025,Winter,1,Monday,3,Deluxe,5266,5792
R07,2024,Fall,10,Friday,3,Deluxe,7394,9612
R05,2025,Fall,9,Monday,1,Suite,6697,6697
R11,2023,Fall,10,Saturday,3,Suite,7807,10149
R10,2024,Fall,9,Saturday,1,Deluxe,5607,6728
R03,2025,Fall,10,Tuesday,4,Suite,7283,8011
R06,2025,Spring,4,Sunday,4,Standard,6634,9287
R05,2024,Winter,2,Saturday,3,Deluxe,5814,7558
R13,2024,Fall,11,Wednesday,4,Standard,7474,8221
R05,2023,Summer,6,Saturday,2,Standard,7806,9367
R09,2023,Fall,11,Monday,1,Suite,6248,6248
R13,2023,Fall,10,Monday,1,Deluxe,5464,5464
R01,2024,Summer,6,Tuesday,2,Deluxe,6744,6744
R08,2025,Summer,7,Sunday,5,Standard,7088,7796
R15,2025,Summer,7,Sunday,3,Standard,7734,8507
R09,2025,Spring,4,Tuesday,3,Standard,5846,8184
R02,2024,Spring,5,Sunday,3,Standard,5902,7967
R05,2024,Winter,2,Wednesday,2,Suite,6348,6348
R11,2025,Fall,11,Thursday,1,Standard,6501,6501
R09,2023,Summer,6,Tuesday,5,Standard,5380,5918
R14,2023,Winter,1,Thursday,1,Suite,6210,6210
R03,2025,Fall,11,Tuesday,5,Deluxe,5445,5989
R05,2025,Winter,2,Monday,2,Standard,7974,7974
R06,2024,Summer,6,Sunday,5,Suite,6323,6955
R12,2023,Winter,2,Friday,2,Standard,6027,7232
R05,2025,Spring,5,Thursday,5,Suite,6461,8722
R11,2024,Fall,9,Saturday,1,Deluxe,7603,9123
R10,2024,Fall,9,Tuesday,4,Suite,5541,6095
R14,2025,Spring,3,Wednesday,5,Standard,5444,5988
R05,2024,Winter,2,Thursday,3,Standard,5609,6169
R03,2023,Winter,1,Monday,2,Standard,7727,7727
R06,2025,Fall,9,Tuesday,4,Deluxe,6615,7276
R01,2025,Fall,9,Saturday,4,Standard,7969,10359
R15,2023,Fall,10,Saturday,5,Standard,5192,6749
R02,2024,Winter,2,Thursday,2,Suite,7395,7395
R12,2024,Summer,8,Sunday,2,Suite,5337,5337
R06,2023,Summer,6,Monday,3,Standard,5629,6191
R15,2023,Winter,2,Sunday,2,Deluxe,7784,7784
R06,2024,Summer,7,Tuesday,4,Standard,6837,7520
R02,2023,Winter,12,Tuesday,2,Deluxe,5735,8028
R10,2025,Winter,2,Tuesday,3,Standard,5922,6514
R04,2023,Summer,7,Sunday,5,Suite,7501,8251
R10,2024,Spring,4,Saturday,4,Deluxe,6612,10579
R01,2023,Spring,4,Thursday,1,Deluxe,7629,9917
R02,2025,Spring,5,Friday,5,Standard,5519,8554
R15,2024,Fall,10,Saturday,4,Deluxe,5776,7508
R11,2023,Summer,6,Sunday,5,Suite,6735,7408
R09,2025,Summer,6,Tuesday,3,Suite,6926,7618
R05,2025,Winter,12,Saturday,5,Suite,7788,13239
R14,2024,Fall,10,Tuesday,1,Suite,5060,5060
R04,2023,Winter,12,Sunday,4,Deluxe,6258,9387
R03,2024,Spring,4,Saturday,2,Standard,6119,9178
R14,2023,Fall,9,Friday,3,Deluxe,6410,8333
R06,2023,Winter,1,Wednesday,3,Suite,7719,8490
R09,2025,Winter,2,Sunday,1,Suite,6640,6640
R11,2024,Spring,4,Tuesday,4,Suite,6269,8776
R07,2025,Spring,5,Saturday,2,Deluxe,5784,8386
R02,2025,Winter,2,Tuesday,2,Deluxe,7909,7909
R04,2025,Fall,9,Thursday,3,Deluxe,5115,5626
R01,2024,Fall,10,Sunday,4,Deluxe,6356,6991
R10,2025,Summer,8,Monday,3,Suite,7207,7927
R01,2023,Fall,9,Friday,2,Standard,7703,9243
R07,2024,Winter,2,Sunday,4,Standard,6414,7055
R10,2025,Spring,4,Sunday,5,Suite,7487,10481
R01,2023,Spring,5,Saturday,3,Deluxe,7229,11204
R04,2024,Spring,4,Monday,1,Deluxe,6602,8582
R04,2023,Fall,10,Sunday,1,Suite,6385,6385
R03,2023,Summer,6,Friday,2,Suite,5613,6735
R11,2025,Spring,4,Saturday,3,Deluxe,7319,11710
R06,2023,Fall,11,Friday,5,Suite,6123,7959
R14,2024,Summer,6,Sunday,3,Standard,5308,5838
R01,2025,Summer,7,Saturday,2,Standard,5102,6122
R13,2024,Winter,12,Thursday,1,Deluxe,5907,8269
R13,2025,Winter,1,Friday,3,Suite,6568,8538
R08,2023,Summer,7,Monday,2,Deluxe,6873,6873
R08,2023,Fall,9,Monday,5,Standard,7207,7927
R11,2023,Fall,10,Saturday,1,Suite,7330,8796
R02,2024,Summer,7,Monday,3,Suite,5089,5597
R05,2023,Fall,11,Monday,5,Suite,7444,8188
R08,2025,Winter,12,Sunday,5,Standard,7024,10536
R03,2023,Summer,8,Monday,2,Suite,7075,7075
R15,2025,Winter,2,Friday,3,Standard,5195,6753
R10,2024,Fall,10,Sunday,5,Suite,6557,7212
R14,2023,Summer,6,Friday,3,Deluxe,7103,9233
R02,2023,Summer,7,Thursday,5,Deluxe,7088,7796
R04,2024,Fall,11,Friday,1,Standard,6455,7746
R07,2023,Fall,11,Wednesday,1,Suite,6218,6218
R04,2025,Spring,5,Wednesday,1,Deluxe,6238,7797
R01,2024,Summer,7,Wednesday,2,Standard,7110,7110
R01,2023,Summer,8,Saturday,4,Standard,7426,9653
R12,2024,Summer,6,Sunday,2,Suite,7569,7569
R05,2024,Summer,6,Friday,4,Deluxe,5091,6618
R09,2025,Winter,1,Wednesday,2,Suite,5274,5274
R15,2025,Winter,2,Saturday,2,Suite,7885,9462
R05,2023,Summer,6,Sunday,5,Suite,5007,5507
R02,2024,Fall,11,Saturday,1,Deluxe,5510,6612
R09,2024,Spring,5,Saturday,4,Suite,5501,8526
R13,2023,Spring,5,Friday,5,Deluxe,6055,9385
R12,2023,Winter,12,Thursday,3,Standard,6119,9178
R03,2025,Fall,11,Sunday,4,Standard,7146,7860
R09,2023,Fall,11,Wednesday,2,Deluxe,6260,6260
R11,2023,Winter,12,Thursday,5,Deluxe,6291,9436
R15,2024,Fall,9,Tuesday,1,Suite,5418,5418
R14,2025,Spring,3,Tuesday,4,Deluxe,5977,6574
R06,2023,Spring,4,Sunday,3,Standard,5230,7322
R01,2025,Spring,3,Sunday,2,Standard,7938,7938
R06,2024,Spring,3,Sunday,2,Suite,5468,5468
R05,2025,Spring,4,Monday,3,Deluxe,6414,8979
R09,2023,Spring,5,Thursday,3,Deluxe,6181,8344
R05,2025,Spring,5,Monday,5,Standard,5457,7366
R06,2024,Fall,11,Wednesday,2,Deluxe,7605,7605
R06,2024,Spring,3,Tuesday,2,Standard,5627,5627
R11,2025,Spring,4,Thursday,2,Deluxe,5679,7382
R05,2024,Summer,8,Sunday,2,Suite,7910,7910
R07,2023,Summer,6,Friday,1,Standard,7157,8588
R02,2024,Fall,11,Tuesday,2,Suite,5935,5935
R03,2023,Winter,2,Friday,1,Deluxe,7221,8665
R05,2025,Spring,5,Friday,5,Standard,6440,9982
R06,2024,Winter,1,Friday,3,Deluxe,7509,9761
R01,2024,Summer,8,Monday,1,Standard,7200,7200
R03,2023,Spring,3,Monday,5,Deluxe,6573,7230
R12,2023,Summer,7,Thursday,5,Suite,5837,6420
R05,2023,Spring,4,Thursday,5,Deluxe,7468,10455
R06,2023,Summer,6,Wednesday,4,Suite,7324,8056
R10,2023,Spring,3,Tuesday,1,Standard,6164,6164
R06,2025,Fall,11,Sunday,1,Standard,6297,6297
R02,2025,Spring,5,Saturday,3,Standard,7013,10870
R13,2025,Summer,6,Friday,2,Deluxe,5995,7194
R01,2025,Winter,12,Monday,3,Standard,6345,9517
R07,2024,Summer,6,Friday,3,Deluxe,5189,6745
R01,2024,Fall,11,Wednesday,2,Deluxe,6703,6703
R13,2024,Winter,1,Sunday,5,Suite,7081,7789
R05,2024,Winter,2,Wednesday,4,Standard,5352,5887
R04,2024,Winter,2,Wednesday,1,Deluxe,7489,7489
R15,2025,Winter,2,Monday,3,Deluxe,6974,7671
R03,2024,Summer,8,Thursday,1,Suite,6560,6560
R04,2024,Spring,3,Thursday,1,Deluxe,5469,5469
R11,2024,Fall,11,Monday,2,Deluxe,5804,5804
R07,2023,Summer,8,Thursday,3,Deluxe,5070,5577
R13,2023,Spring,4,Monday,1,Standard,5451,7086
R02,2025,Spring,5,Saturday,4,Deluxe,6892,10682
R07,2024,Summer,8,Tuesday,5,Suite,6704,7374
R04,2023,Summer,8,Thursday,5,Suite,5470,6017
R04,2024,Winter,12,Saturday,1,Suite,7030,11248
R09,2024,Winter,1,Wednesday,4,Standard,6854,7539
R08,2025,Fall,11,Saturday,5,Deluxe,7121,9257
R04,2023,Winter,2,Wednesday,3,Deluxe,7949,8743
R11,2024,Spring,5,Thursday,1,Standard,6318,7897
R13,2024,Summer,7,Saturday,3,Suite,5122,6658
R11,2024,Winter,2,Sunday,3,Deluxe,6652,7317
R01,2024,Winter,1,Thursday,1,Standard,5673,5673
R14,2024,Winter,1,Tuesday,4,Suite,7105,7815
R11,2025,Summer,6,Monday,5,Deluxe,5959,6554
R01,2024,Summer,8,Sunday,4,Standard,7191,7910
R15,2025,Summer,7,Monday,2,Standard,5169,5169
R04,2023,Summer,7,Thursday,3,Standard,7121,7833
R08,2024,Spring,3,Friday,5,Suite,6542,8504
R03,2024,Spring,5,Thursday,1,Standard,5893,7366
R07,2025,Spring,3,Sunday,3,Deluxe,7361,8097
R02,2025,Summer,7,Friday,3,Deluxe,7756,10082
R05,2023,Spring,3,Thursday,1,Suite,7574,7574
R09,2023,Summer,7,Sunday,4,Standard,6519,7170
R02,2024,Fall,11,Tuesday,5,Suite,6477,7124
R04,2023,Spring,5,Thursday,5,Deluxe,6757,9121
R10,2024,Summer,6,Monday,4,Standard,7553,8308
R13,2024,Fall,9,Thursday,2,Standard,7725,7725
R07,2024,Fall,11,Sunday,5,Deluxe,7338,8071
R13,2025,Spring,5,Thursday,2,Standard,7121,8901
R09,2025,Summer,6,Sunday,5,Deluxe,7778,8555
R12,2023,Fall,9,Tuesday,3,Suite,7368,8104
R13,2023,Summer,6,Friday,3,Deluxe,7413,9636
R04,2023,Winter,12,Tuesday,2,Standard,6791,9507
R03,2025,Summer,6,Saturday,1,Suite,7468,8961
R11,2024,Fall,10,Friday,1,Deluxe,6216,7459
R11,2023,Summer,6,Thursday,2,Deluxe,6358,6358
R02,2023,Fall,10,Sunday,1,Suite,5786,5786
R03,2025,Spring,4,Sunday,1,Deluxe,5865,7624
R09,2024,Winter,2,Sunday,3,Deluxe,6109,6719
R05,2024,Summer,8,Thursday,1,Standard,7157,7157
R12,2024,Summer,7,Thursday,1,Suite,6724,6724
R03,2023,Fall,10,Wednesday,4,Suite,7571,8328
R14,2023,Fall,9,Thursday,2,Standard,5769,5769
R10,2023,Winter,1,Monday,1,Suite,7386,7386
R13,2025,Fall,10,Friday,3,Deluxe,5056,6572
R02,2025,Fall,9,Wednesday,4,Standard,7145,7859
R05,2023,Spring,4,Sunday,2,Deluxe,7153,9298
R13,2024,Fall,11,Monday,2,Deluxe,5420,5420
R02,2023,Spring,3,Thursday,2,Suite,7591,7591
R04,2024,Summer,7,Saturday,1,Standard,7128,8553
R10,2025,Summer,6,Friday,1,Suite,5631,6757
R14,2025,Summer,6,Wednesday,3,Suite,5093,5602
R02,2023,Fall,11,Friday,4,Suite,5228,6796
R03,2023,Spring,3,Wednesday,5,Suite,5785,6363
R15,2024,Spring,4,Sunday,2,Standard,6124,7961
R02,2023,Fall,9,Saturday,5,Standard,5453,7088
R08,2025,Spring,3,Wednesday,5,Deluxe,5090,5599
R09,2023,Spring,3,Sunday,1,Deluxe,7046,7046
R15,2024,Summer,6,Wednesday,5,Deluxe,7745,8519
R14,2023,Spring,3,Sunday,2,Deluxe,7927,7927
R03,2023,Fall,9,Saturday,3,Standard,6156,8002
R10,2024,Winter,12,Friday,3,Standard,6048,10281
R01,2023,Summer,7,Friday,1,Deluxe,6692,8030
R03,2024,Spring,4,Thursday,4,Standard,6110,8554
R10,2023,Spring,3,Monday,3,Standard,7262,7988
R12,2025,Spring,4,Monday,4,Suite,5071,7099
R01,2024,Summer,8,Tuesday,3,Deluxe,6906,7596
R08,2024,Fall,9,Thursday,5,Standard,7712,8483
R05,2025,Summer,8,Tuesday,1,Suite,5004,5004
R13,2025,Summer,8,Monday,4,Deluxe,5119,5630
R13,2025,Spring,4,Monday,2,Standard,7168,9318
R04,2023,Winter,12,Saturday,4,Suite,5740,9758
R05,2023,Spring,3,Friday,2,Standard,5724,6868
R06,2024,Spring,3,Wednesday,2,Deluxe,6698,6698
R12,2024,Winter,2,Thursday,5,Deluxe,7186,7904
R08,2025,Summer,8,Tuesday,4,Suite,5860,6446
R10,2025,Summer,7,Friday,5,Deluxe,5685,7390
R09,2023,Fall,9,Thursday,5,Standard,6931,7624
R10,2025,Fall,9,Monday,2,Standard,6539,6539
R14,2023,Summer,6,Sunday,1,Standard,7237,7237
R08,2023,Winter,12,Wednesday,3,Suite,6066,9099
R05,2023,Spring,3,Thursday,4,Standard,7719,8490
R02,2023,Winter,1,Friday,5,Standard,6453,8388
R06,2025,Winter,1,Wednesday,3,Suite,6421,7063
R05,2024,Fall,10,Sunday,4,Standard,7122,7834
R03,2023,Spring,3,Saturday,2,Deluxe,5127,6152
R08,2023,Summer,7,Saturday,3,Deluxe,5206,6767
R04,2023,Spring,4,Wednesday,1,Deluxe,6468,8408
R07,2023,Summer,8,Wednesday,5,Deluxe,6988,7686
R03,2025,Winter,2,Wednesday,4,Deluxe,7004,7704
R07,2025,Fall,11,Friday,3,Suite,7748,10072
R08,2024,Fall,11,Monday,2,Suite,6149,6149
R10,2025,Spring,3,Saturday,1,Standard,5631,6757
R04,2025,Spring,3,Tuesday,1,Suite,7453,7453
R04,2024,Spring,5,Saturday,2,Deluxe,7949,11526
R06,2025,Spring,4,Tuesday,1,Suite,6704,8715
R08,2025,Summer,7,Sunday,4,Deluxe,5727,6299
R05,2025,Winter,12,Tuesday,3,Standard,7000,10500
R12,2023,Fall,10,Monday,2,Suite,6258,6258
R09,2025,Fall,11,Saturday,1,Suite,6990,8388
R08,2023,Winter,2,Saturday,4,Standard,6152,7997
R01,2023,Spring,5,Friday,2,Standard,5124,7429
R05,2023,Winter,2,Friday,3,Suite,7271,9452
R01,2023,Winter,12,Wednesday,5,Deluxe,6100,9150
R13,2024,Spring,5,Wednesday,3,Deluxe,6587,8892
R01,2023,Summer,6,Tuesday,4,Standard,6421,7063
R08,2025,Summer,6,Sunday,4,Standard,7093,7802
R06,2025,Summer,7,Monday,3,Suite,6318,6949
R04,2025,Spring,3,Saturday,3,Suite,5439,7070
R13,2023,Winter,1,Tuesday,4,Deluxe,6808,7488
R15,2024,Fall,11,Monday,2,Standard,5565,5565
R04,2023,Spring,4,Tuesday,1,Deluxe,5552,7217
R05,2023,Spring,4,Friday,4,Deluxe,7280,11648
R15,2025,Spring,5,Tuesday,4,Deluxe,6317,8527
R11,2024,Summer,7,Wednesday,2,Suite,7504,7504
R12,2025,Fall,10,Saturday,3,Suite,6059,7876
R07,2023,Summer,6,Saturday,2,Deluxe,6636,7963
R10,2023,Winter,1,Monday,4,Standard,5136,5649
R01,2024,Winter,1,Thursday,5,Deluxe,5526,6078
R08,2025,Fall,11,Sunday,1,Suite,7400,7400
R11,2024,Fall,10,Saturday,4,Standard,7650,9945
R06,2024,Spring,5,Tuesday,5,Standard,5586,7541
R06,2025,Summer,6,Saturday,5,Deluxe,7870,10231
R02,2025,Winter,12,Thursday,2,Standard,5810,8133
R03,2025,Spring,3,Tuesday,4,Standard,6478,7125
R13,2023,Spring,5,Wednesday,1,Suite,7935,9918
R12,2023,Summer,7,Friday,1,Standard,5275,6330
R06,2025,Fall,9,Wednesday,3,Standard,6307,6937
R11,2023,Fall,9,Sunday,3,Suite,5889,6477
R01,2025,Summer,6,Sunday,1,Suite,6721,6721
R12,2025,Winter,12,Sunday,3,Standard,7551,11326
R05,2024,Spring,3,Monday,4,Standard,6300,6930
R03,2024,Fall,11,Thursday,4,Standard,6272,6899
R11,2023,Summer,8,Wednesday,4,Deluxe,5801,6381
R08,2023,Winter,1,Friday,1,Standard,7847,9416
R13,2024,Spring,5,Tuesday,1,Suite,7432,9290
R09,2024,Summer,8,Tuesday,2,Suite,6816,6816
R05,2025,Summer,7,Saturday,1,Suite,5643,6771
R04,2023,Winter,1,Sunday,3,Standard,7808,8588
R09,2024,Winter,1,Friday,3,Suite,6896,8964
R14,2024,Spring,3,Saturday,2,Deluxe,6871,8245
R15,2025,Winter,2,Monday,3,Standard,5992,6591
R01,2025,Fall,11,Saturday,5,Suite,7287,9473
R04,2025,Spring,3,Wednesday,1,Suite,7916,7916
R11,2023,Spring,5,Thursday,3,Standard,6798,9177
R11,2023,Fall,11,Sunday,2,Deluxe,6089,6089
R08,2023,Winter,1,Monday,1,Suite,6820,6820
R14,2023,Spring,5,Tuesday,3,Deluxe,6230,8410
R13,2024,Fall,9,Thursday,5,Deluxe,6665,7331
R07,2023,Fall,11,Saturday,2,Standard,5595,6714
R13,2023,Fall,9,Saturday,4,Suite,7090,9217
R01,2023,Spring,4,Thursday,3,Standard,5577,7807
R05,2024,Summer,6,Tuesday,5,Suite,5811,6392
R15,2024,Winter,12,Saturday,5,Deluxe,5117,8698
R12,2024,Spring,4,Sunday,4,Standard,7260,10164
R09,2025,Summer,7,Tuesday,2,Suite,7379,7379
R02,2025,Spring,4,Wednesday,5,Suite,7786,10900
R06,2023,Winter,2,Wednesday,2,Deluxe,5612,5612
R06,2023,Winter,2,Monday,5,Standard,5896,6485
R03,2024,Spring,5,Saturday,2,Deluxe,7663,11111
R10,2023,Fall,11,Tuesday,1,Deluxe,6665,6665
R09,2025,Summer,6,Monday,4,Suite,6008,6608
R10,2023,Summer,8,Tuesday,4,Suite,6861,7547
R09,2023,Winter,12,Wednesday,1,Standard,6282,8794
R15,2025,Spring,4,Tuesday,4,Suite,7966,11152
R09,2023,Summer,8,Saturday,4,Standard,6463,8401
R12,2024,Summer,6,Sunday,1,Suite,7312,7312
R08,2024,Winter,2,Wednesday,4,Standard,6466,7112
R11,2025,Summer,7,Sunday,2,Suite,5742,5742
R05,2023,Fall,11,Thursday,3,Deluxe,7515,8266
R07,2024,Fall,11,Wednesday,2,Suite,5747,5747
R08,2025,Fall,11,Tuesday,5,Deluxe,7445,8189
R12,2025,Winter,1,Wednesday,2,Deluxe,5091,5091
R05,2023,Winter,12,Sunday,4,Deluxe,6147,9220
R05,2023,Summer,8,Wednesday,5,Deluxe,5308,5838
R12,2024,Fall,10,Monday,3,Suite,7862,8648
R06,2023,Fall,9,Thursday,1,Suite,6410,6410
R12,2024,Winter,12,Monday,2,Deluxe,7633,10686
R15,2025,Fall,11,Sunday,3,Deluxe,7465,8211
R10,2024,Summer,6,Wednesday,2,Suite,6542,6542
R06,2025,Winter,12,Monday,5,Standard,6882,10323
R03,2023,Spring,5,Monday,1,Standard,5389,6736
R11,2025,Summer,7,Sunday,5,Suite,5691,6260
R12,2025,Winter,1,Tuesday,2,Standard,5602,5602
R15,2024,Winter,1,Wednesday,5,Standard,6218,6839
R13,2023,Winter,12,Thursday,2,Suite,6142,8598
R01,2024,Winter,1,Sunday,4,Standard,7601,8361
R08,2025,Winter,2,Monday,3,Standard,7722,8494
R04,2025,Fall,9,Wednesday,4,Suite,6452,7097
R13,2025,Spring,5,Thursday,5,Suite,6844,9239
R08,2025,Spring,5,Saturday,4,Suite,7307,11325
R01,2024,Spring,5,Saturday,3,Suite,6002,9303
